f_stat,p_value
0.5102212944645863,0.7282389933194661
