ad_unit_format,revenue,transactions
Interstitial,2389054.881903173,2680818
Rewarded Video,836794.5059000392,1480595
Banner,282353.9075966084,2648221
Unknown,-109495.007636,4446480
