country_code,net_revenue
us,3188165.3016744917
ca,210542.98608932912
